754654	./APPROVED PNGS DIGITAL SIGNAGE/2048x1152-ITHF_Digital-Signage-FF-Friday-ROS.png
696479	./APPROVED PNGS DIGITAL SIGNAGE/2048x1152-ITHF_Digital-Signage-FF-Saturday-ROS.png
753097	./APPROVED PNGS DIGITAL SIGNAGE/2048x1152-ITHF_Digital-Signage-Gen-Friday-Sch.png
695392	./APPROVED PNGS DIGITAL SIGNAGE/2048x1152-ITHF_Digital-Signage-Gen-Saturday-Sch.png
9985332	./APPROVED PNGS DIGITAL SIGNAGE/2048x1152-ITHF_Digital-Signage-Mary Stats.png
13831470	./APPROVED PNGS DIGITAL SIGNAGE/2048x1152-ITHF_Digital-Signage-Museum.png
5729628	./APPROVED PNGS DIGITAL SIGNAGE/2048x1152-ITHF_Digital-Signage-Roger Federer Stats.png
858964	./APPROVED PNGS DIGITAL SIGNAGE/2048x1152_CPC-PlaterOrder.png
8003870	./APPROVED PNGS DIGITAL SIGNAGE/2048x1152_CPC_AranxtaSanchezVicario_PlayerImage_LH.png
1621126	./APPROVED PNGS DIGITAL SIGNAGE/2048x1152_CPC_BobBryan_PlayerImage_LH.png
6818991	./APPROVED PNGS DIGITAL SIGNAGE/2048x1152_CPC_Garbiñe Muguruza_PlayerImage.png
3903571	./APPROVED PNGS DIGITAL SIGNAGE/2048x1152_CPC_JIMCOURIER_PlayerImage_LH.png
7654094	./APPROVED PNGS DIGITAL SIGNAGE/2048x1152_CPC_JimCourier&MatsWilander_PlayerImage_LH.png
16253610	./APPROVED PNGS DIGITAL SIGNAGE/2048x1152_CPC_Joey Graziedi_PlayerImage_LH.png
13781215	./APPROVED PNGS DIGITAL SIGNAGE/2048x1152_CPC_MATCH 1_Players_LH.png
19385154	./APPROVED PNGS DIGITAL SIGNAGE/2048x1152_CPC_MATCH 2_Players_LH-01.png
11644909	./APPROVED PNGS DIGITAL SIGNAGE/2048x1152_CPC_MATCH 3_Players_LH.png
16132699	./APPROVED PNGS DIGITAL SIGNAGE/2048x1152_CPC_MATCH 4_Players_LH.png
5865828	./APPROVED PNGS DIGITAL SIGNAGE/2048x1152_CPC_Marat Safin_PlayerImage.png
7823097	./APPROVED PNGS DIGITAL SIGNAGE/2048x1152_CPC_Mary Carillo_OnStage.png
8186247	./APPROVED PNGS DIGITAL SIGNAGE/2048x1152_CPC_MichaelKosta_PlayerImage_LH.png
1755141	./APPROVED PNGS DIGITAL SIGNAGE/2048x1152_CPC_MikeBryan_PlayerImage_LH.png
3010816	./APPROVED PNGS DIGITAL SIGNAGE/2048x1152_CPC_Patrick McEnroe_PlayerImage2.png
1624858	./APPROVED PNGS DIGITAL SIGNAGE/2048x1152_CPC_RogerFederer_PlayerImage_LH.png
6195515	./APPROVED PNGS DIGITAL SIGNAGE/2048x1152_CPC_Stan Smith_PlayerImage.png
13472615	./APPROVED PNGS DIGITAL SIGNAGE/2048x1152_CPC_Stefan Edberg_PlayerImage.png
628292	./APPROVED PNGS DIGITAL SIGNAGE/2048x1152_CelebProClassic_HoldingSign_LH.png
557204	./APPROVED PNGS DIGITAL SIGNAGE/2048x1152_FFF_HoldingSign_LH-01.png
653758	./APPROVED PNGS DIGITAL SIGNAGE/2048x1152_FFF_HoldingSign_Logo_LH.png
497530	./APPROVED PNGS DIGITAL SIGNAGE/2048x1152_FFF_ITHFLogo_LH.png
4061612	./APPROVED PNGS DIGITAL SIGNAGE/2048x1152_FFF_Jim Courier_OnStage.png
4295231	./APPROVED PNGS DIGITAL SIGNAGE/2048x1152_FFF_John McEnroe_PlayerImage.png
4272198	./APPROVED PNGS DIGITAL SIGNAGE/2048x1152_FFF_Kim Clijsters_PlayerImage.png
7898263	./APPROVED PNGS DIGITAL SIGNAGE/2048x1152_FFF_Mary Carillo_OnStage.png
3370567	./APPROVED PNGS DIGITAL SIGNAGE/2048x1152_FFF_Roger Federer_OnStage.png
619499	./APPROVED PNGS DIGITAL SIGNAGE/2048x1152_FFF_SponsorTier1_LH.png
726889	./APPROVED PNGS DIGITAL SIGNAGE/2048x1152_FFF_SponsorTier2_LH.png
886293	./APPROVED PNGS DIGITAL SIGNAGE/2048x1152_FFF_SponsorTier3_LH.png
1530382	./APPROVED PNGS DIGITAL SIGNAGE/2048x1152_FameFestGeneralMapGrounds_LH-01.png
1542306	./APPROVED PNGS DIGITAL SIGNAGE/2048x1152_FameFestMapGrounds_LH-02.png
600503	./APPROVED PNGS DIGITAL SIGNAGE/2048x1152_GeneralMissionStatement_LH.png
543916	./APPROVED PNGS DIGITAL SIGNAGE/2048x1152_General_Logo_LH-01.png
373529	./APPROVED PNGS DIGITAL SIGNAGE/2048x1152_General_Logo_LH-02.png
804114	./APPROVED PNGS DIGITAL SIGNAGE/2048x1152_General_SponsorThankyou_LH.png
792539	./APPROVED PNGS DIGITAL SIGNAGE/2048x1152_ITHF_Digital-Signage-FF-Food Trucks.png
411976	./APPROVED PNGS DIGITAL SIGNAGE/2048x1152_ITHF_Digital-Signage-FF-Goat shot.png
470001	./APPROVED PNGS DIGITAL SIGNAGE/2048x1152_ITHF_Digital-Signage-FF-Hard Court Activities SSP.png
805890	./APPROVED PNGS DIGITAL SIGNAGE/2048x1152_LINDSEYVONN_PlayerImage_LH.png
3950349	./APPROVED PNGS DIGITAL SIGNAGE/2048x1152_MaryBlazerSignage_LH.png
2792857	./APPROVED PNGS DIGITAL SIGNAGE/2048x1152_Patrick McEnroe&Tom Rinaldi_PlayerImage.png
2829860	./APPROVED PNGS DIGITAL SIGNAGE/2048x1152_Patrick McEnroe&Tom Rinaldi_PlayerImage_NEWEST.png
1472953	./APPROVED PNGS DIGITAL SIGNAGE/2048x1152_RC_Andy Roddick_PlayerImage.png
5853838	./APPROVED PNGS DIGITAL SIGNAGE/2048x1152_RC_BillieJeanKing_PlayerImage.png
5918444	./APPROVED PNGS DIGITAL SIGNAGE/2048x1152_RC_Chantal V_PlayerImage.png
3116729	./APPROVED PNGS DIGITAL SIGNAGE/2048x1152_RC_Donald Dell_PlayerImage copy.png
4312718	./APPROVED PNGS DIGITAL SIGNAGE/2048x1152_RC_Gabriela Sabatini_PlayerImage.png
6818991	./APPROVED PNGS DIGITAL SIGNAGE/2048x1152_RC_Garbiñe Muguruza_PlayerImage.png
4792164	./APPROVED PNGS DIGITAL SIGNAGE/2048x1152_RC_John McEnroe_PlayerImage.png
4168083	./APPROVED PNGS DIGITAL SIGNAGE/2048x1152_RC_Kim Clijsters_PlayerImage.png
2845017	./APPROVED PNGS DIGITAL SIGNAGE/2048x1152_RC_Leander Paes _PlayerImage copy.png
2932489	./APPROVED PNGS DIGITAL SIGNAGE/2048x1152_RC_LleytonHewitt_PlayerImage.png.png
5192652	./APPROVED PNGS DIGITAL SIGNAGE/2048x1152_RC_Martina Navratilova_PlayerImage.png
3385605	./APPROVED PNGS DIGITAL SIGNAGE/2048x1152_RC_MaryPierce_PlayerImage copy.png
3352757	./APPROVED PNGS DIGITAL SIGNAGE/2048x1152_RC_Monique Kalkman_PlayerImage copy.png
1784133	./APPROVED PNGS DIGITAL SIGNAGE/2048x1152_RC_Pam Shriver_PlayerImage.png
3010816	./APPROVED PNGS DIGITAL SIGNAGE/2048x1152_RC_Patrick McEnroe_PlayerImage copy.png
1204515	./APPROVED PNGS DIGITAL SIGNAGE/2048x1152_RC_Rick Draney_PlayerImage.png
890295	./APPROVED PNGS DIGITAL SIGNAGE/2048x1152_RC_Tommy Haas_PlayerImage.png
4744399	./APPROVED PNGS DIGITAL SIGNAGE/2048x1152_RC_Tracy Austin _PlayerImage copy.png
12568873	./APPROVED PNGS DIGITAL SIGNAGE/2048x1152_RK_BobMike Bryan_PlayerImage.png
9437918	./APPROVED PNGS DIGITAL SIGNAGE/2048x1152_RK_Brad Parks_PlayerImage.png
1531153	./APPROVED PNGS DIGITAL SIGNAGE/2048x1152_RK_Esther Vergeer _PlayerImage copy.png
4911451	./APPROVED PNGS DIGITAL SIGNAGE/2048x1152_RK_G Fernandez- N Zvereva_PlayerImage.png
4760748	./APPROVED PNGS DIGITAL SIGNAGE/2048x1152_RK_Mats Wilander  _PlayerImage.png
18956421	./APPROVED PNGS DIGITAL SIGNAGE/2048x1152_RK_Richard Evans - Steve Flink _PlayerImage.png
5601354	./APPROVED PNGS DIGITAL SIGNAGE/2048x1152_RK_Rosie Casals - Valerie Ziegenfuss _PlayerImage.png
7075176	./APPROVED PNGS DIGITAL SIGNAGE/2048x1152_RogerBlazer_LH.png
455928	./APPROVED PNGS DIGITAL SIGNAGE/2048x1152_RogerQ&A_QRCODE.png
959676	./APPROVED PNGS DIGITAL SIGNAGE/2048x1152_SamQuerrey_PlayerImage_LH.png
1155805	./APPROVED PNGS DIGITAL SIGNAGE/2048x1152_TOMRINALDI_PlayerImage_LH.png
96727348	./APPROVED PNGS DIGITAL SIGNAGE/APPROVED ROGER SIZZLE VIDEO/ROGER WALK OUT PRO AM V1.mp4
97072	./APPROVED PNGS DIGITAL SIGNAGE/CEREMONY 1280X768/CEREMONY LAYERED FILES/1280x768_INDUCTION_LOGO_HOLDINGSCREEN_Folder/Fonts/MyriadPro-Regular.otf
97072	./APPROVED PNGS DIGITAL SIGNAGE/CEREMONY 1280X768/CEREMONY LAYERED FILES/1280x768_ITHF_LOGO_HOLDINGSCREEN_Folder/Fonts/MyriadPro-Regular.otf
97072	./APPROVED PNGS DIGITAL SIGNAGE/CEREMONY 1280X768/CEREMONY LAYERED FILES/1280x768_JIM_COURIER_HOLDINGSCREEN_Folder/Fonts/MyriadPro-Regular.otf
10444582	./APPROVED PNGS DIGITAL SIGNAGE/CEREMONY 1280X768/CEREMONY LAYERED FILES/1280x768_JIM_COURIER_HOLDINGSCREEN_Folder/Links/Carol Newsom Box 10 D1_006- Jim C.png
97072	./APPROVED PNGS DIGITAL SIGNAGE/CEREMONY 1280X768/CEREMONY LAYERED FILES/1280x768_KIM_CLIJSTERS_HOLDINGSCREEN_Folder/Fonts/MyriadPro-Regular.otf
4215887	./APPROVED PNGS DIGITAL SIGNAGE/CEREMONY 1280X768/CEREMONY LAYERED FILES/1280x768_KIM_CLIJSTERS_HOLDINGSCREEN_Folder/Links/Kim C-AP_05091007944_clijsters copy.png
9655836	./APPROVED PNGS DIGITAL SIGNAGE/CEREMONY 1280X768/CEREMONY LAYERED FILES/1280x768_MARY_CARILLO_HOLDINGSCREEN_Folder/Links/ITHF 2026 - IND-Images-18x24 -04 copy.png
4727576	./APPROVED PNGS DIGITAL SIGNAGE/CEREMONY 1280X768/CEREMONY LAYERED FILES/1280x768_ROGERFEDERER_HOLDINGSCREEN_Folder/Links/RogerFedererPicnew.png
291760	./APPROVED PNGS DIGITAL SIGNAGE/CEREMONY 1280X768/CEREMONY PNGS/1280x768_INDUCTION_LOGO_HOLDINGSCREEN.png
194915	./APPROVED PNGS DIGITAL SIGNAGE/CEREMONY 1280X768/CEREMONY PNGS/1280x768_ITHF_LOGO_HOLDINGSCREEN.png
3272300	./APPROVED PNGS DIGITAL SIGNAGE/CEREMONY 1280X768/CEREMONY PNGS/1280x768_JIM_COURIER_HOLDINGSCREEN.png
3583588	./APPROVED PNGS DIGITAL SIGNAGE/CEREMONY 1280X768/CEREMONY PNGS/1280x768_KIM_CLIJSTERS_HOLDINGSCREEN.png
4883751	./APPROVED PNGS DIGITAL SIGNAGE/CEREMONY 1280X768/CEREMONY PNGS/1280x768_MARY_CARILLO_HOLDINGSCREEN.png
1318092	./APPROVED PNGS DIGITAL SIGNAGE/CEREMONY 1280X768/CEREMONY PNGS/1280x768_ROGERFEDERER_HOLDINGSCREEN.png
858964	./APPROVED PNGS DIGITAL SIGNAGE/CPC Loop 1/2048x1152_CPC-PlaterOrder.png
628292	./APPROVED PNGS DIGITAL SIGNAGE/CPC Loop 1/2048x1152_CelebProClassic_HoldingSign_LH.png
13781215	./APPROVED PNGS DIGITAL SIGNAGE/CPC MATCH 1/2048x1152_CPC_MATCH 1_Players_LH.png
628292	./APPROVED PNGS DIGITAL SIGNAGE/CPC MATCH 1/2048x1152_CelebProClassic_HoldingSign_LH.png
19385154	./APPROVED PNGS DIGITAL SIGNAGE/CPC Match 2/2048x1152_CPC_MATCH 2_Players_LH-01.png
628292	./APPROVED PNGS DIGITAL SIGNAGE/CPC Match 2/2048x1152_CelebProClassic_HoldingSign_LH.png
11644909	./APPROVED PNGS DIGITAL SIGNAGE/CPC Match 3/2048x1152_CPC_MATCH 3_Players_LH.png
628292	./APPROVED PNGS DIGITAL SIGNAGE/CPC Match 3/2048x1152_CelebProClassic_HoldingSign_LH.png
16132699	./APPROVED PNGS DIGITAL SIGNAGE/CPC Match 4/2048x1152_CPC_MATCH 4_Players_LH.png
628292	./APPROVED PNGS DIGITAL SIGNAGE/CPC Match 4/2048x1152_CelebProClassic_HoldingSign_LH.png
3396691	./APPROVED PNGS DIGITAL SIGNAGE/FFF DUO SCREEN 2/1512x840_FFF_JIM_COURIER_Holding_Screen.png
1380722	./APPROVED PNGS DIGITAL SIGNAGE/FFF DUO SCREEN 2/1512x840_FFF_ROGER_FEDERER_Holding_Screen.png
4158815	./APPROVED PNGS DIGITAL SIGNAGE/FFF DUO SCREEN/1512x840_FFF_JOHN_MCENROE_Holding_Screen.png
5585223	./APPROVED PNGS DIGITAL SIGNAGE/FFF DUO SCREEN/1512x840_FFF_MARY_CARILLO_Holding_Screen.png
5585223	./APPROVED PNGS DIGITAL SIGNAGE/FFF LOOP 1/1512x840_FFF_MARY_CARILLO_Holding_Screen.png
1380722	./APPROVED PNGS DIGITAL SIGNAGE/FFF LOOP 1/1512x840_FFF_ROGER_FEDERER_Holding_Screen.png
321470	./APPROVED PNGS DIGITAL SIGNAGE/FFF LOOP 1/1512x840_FFF_SPONSOR_TIER1_Holding_Screen.png
399970	./APPROVED PNGS DIGITAL SIGNAGE/FFF LOOP 1/1512x840_FFF_SPONSOR_TIER2_Holding_Screen.png
485376	./APPROVED PNGS DIGITAL SIGNAGE/FFF LOOP 1/1512x840_FFF_SPONSOR_TIER3_Holding_Screen.png
277660	./APPROVED PNGS DIGITAL SIGNAGE/FFF LOOP 1/1512x840_FFF_WELCOME_Holding_Screen.png
277660	./APPROVED PNGS DIGITAL SIGNAGE/FFF LOOP 1/1512x840_FFF_WELCOME_Holding_Screen2png.png
236704	./APPROVED PNGS DIGITAL SIGNAGE/FFF LOOP 2/1512x840_FFF_ITHFLOGO_Holding_Screen.png
5585223	./APPROVED PNGS DIGITAL SIGNAGE/FFF LOOP 2/1512x840_FFF_MARY_CARILLO_Holding_Screen.png
10444582	./APPROVED PNGS DIGITAL SIGNAGE/FIT FOR FAME 1512X840/FFF LAYERED FILES/1512x840_FFF_JIM_COURIER_Holding_Screen_Folder/Links/Carol Newsom Box 10 D1_006- Jim C.png
4215887	./APPROVED PNGS DIGITAL SIGNAGE/FIT FOR FAME 1512X840/FFF LAYERED FILES/1512x840_FFF_KIM_CLIJSTERS_Holding_Screen_Folder/Links/Kim C-AP_05091007944_clijsters copy.png
3950349	./APPROVED PNGS DIGITAL SIGNAGE/FIT FOR FAME 1512X840/FFF LAYERED FILES/1512x840_FFF_MARY_BLAZER_Holding_Screen_Folder/Links/2048x1152_MaryBlazerSignage_LH.png
9655836	./APPROVED PNGS DIGITAL SIGNAGE/FIT FOR FAME 1512X840/FFF LAYERED FILES/1512x840_FFF_MARY_CARILLO_Holding_Screen_Folder/Links/ITHF 2026 - IND-Images-18x24 -04 copy.png
4727576	./APPROVED PNGS DIGITAL SIGNAGE/FIT FOR FAME 1512X840/FFF LAYERED FILES/1512x840_FFF_ROGER_FEDERER_Holding_Screen_Folder/Links/RogerFedererPicnew.png
359934	./APPROVED PNGS DIGITAL SIGNAGE/FIT FOR FAME 1512X840/FFF PNGS/1512x840_FFF_INDUCTIONLOGO_Holding_Screen.png
236704	./APPROVED PNGS DIGITAL SIGNAGE/FIT FOR FAME 1512X840/FFF PNGS/1512x840_FFF_ITHFLOGO_Holding_Screen.png
3396691	./APPROVED PNGS DIGITAL SIGNAGE/FIT FOR FAME 1512X840/FFF PNGS/1512x840_FFF_JIM_COURIER_Holding_Screen.png
4158815	./APPROVED PNGS DIGITAL SIGNAGE/FIT FOR FAME 1512X840/FFF PNGS/1512x840_FFF_JOHN_MCENROE_Holding_Screen.png
3654656	./APPROVED PNGS DIGITAL SIGNAGE/FIT FOR FAME 1512X840/FFF PNGS/1512x840_FFF_KIM_CLIJSTERS_Holding_Screen.png
5982736	./APPROVED PNGS DIGITAL SIGNAGE/FIT FOR FAME 1512X840/FFF PNGS/1512x840_FFF_MARY_BLAZER_Holding_Screen.png
5585223	./APPROVED PNGS DIGITAL SIGNAGE/FIT FOR FAME 1512X840/FFF PNGS/1512x840_FFF_MARY_CARILLO_Holding_Screen.png
4334577	./APPROVED PNGS DIGITAL SIGNAGE/FIT FOR FAME 1512X840/FFF PNGS/1512x840_FFF_ROGER_BLAZER_Holding_Screen.png
1380722	./APPROVED PNGS DIGITAL SIGNAGE/FIT FOR FAME 1512X840/FFF PNGS/1512x840_FFF_ROGER_FEDERER_Holding_Screen.png
345258	./APPROVED PNGS DIGITAL SIGNAGE/FIT FOR FAME 1512X840/FFF PNGS/1512x840_FFF_SPONSORS_GENERAL_Holding_Screen.png
321470	./APPROVED PNGS DIGITAL SIGNAGE/FIT FOR FAME 1512X840/FFF PNGS/1512x840_FFF_SPONSOR_TIER1_Holding_Screen.png
399970	./APPROVED PNGS DIGITAL SIGNAGE/FIT FOR FAME 1512X840/FFF PNGS/1512x840_FFF_SPONSOR_TIER2_Holding_Screen.png
485376	./APPROVED PNGS DIGITAL SIGNAGE/FIT FOR FAME 1512X840/FFF PNGS/1512x840_FFF_SPONSOR_TIER3_Holding_Screen.png
277660	./APPROVED PNGS DIGITAL SIGNAGE/FIT FOR FAME 1512X840/FFF PNGS/1512x840_FFF_WELCOME_Holding_Screen.png
94659056	./APPROVED PNGS DIGITAL SIGNAGE/NEW FIDELITY SPOT/QFCM7612000H_47545_WLTH_Doors Restaurateurs CP_00.30_INN_16x9_ST_NC.MP4
543916	./APPROVED PNGS DIGITAL SIGNAGE/RED CARPET INTRO LOOP/2048x1152_General_Logo_LH-01.png
455928	./APPROVED PNGS DIGITAL SIGNAGE/RED CARPET INTRO LOOP/2048x1152_RogerQ&A_QRCODE.png
123884156	./Fight Night/Archieve(DONT USE)/Holding(Dont use)/576 x 648.mov
206825619	./Fight Night/Archieve(DONT USE)/Holding(Dont use)/Full Barge_ 1792x504.mov
380867059	./Fight Night/Archieve(DONT USE)/Holding(Dont use)/Main Board_1920 x 1080.mov
300099636	./Fight Night/Archieve(DONT USE)/Holding(Dont use)/Tunnel_1.mov
29280580	./Fight Night/Archieve(DONT USE)/Holding(Dont use)/Wedge.mov
376385985	./Fight Night/Archieve(DONT USE)/Mid Fights(Dont Use)/1080 x 1920/2.mov
381773036	./Fight Night/Archieve(DONT USE)/Mid Fights(Dont Use)/1080 x 1920/3.mov
384015533	./Fight Night/Archieve(DONT USE)/Mid Fights(Dont Use)/1080 x 1920/4.mov
386802852	./Fight Night/Archieve(DONT USE)/Mid Fights(Dont Use)/1080 x 1920/5.mov
383205999	./Fight Night/Archieve(DONT USE)/Mid Fights(Dont Use)/1080 x 1920/6.mov
371677243	./Fight Night/Archieve(DONT USE)/Mid Fights(Dont Use)/1080 x 1920/7.mov
374942808	./Fight Night/Archieve(DONT USE)/Mid Fights(Dont Use)/1080 x 1920/8.mov
203951280	./Fight Night/Archieve(DONT USE)/Mid Fights(Dont Use)/1792 x 504/1.mov
206541211	./Fight Night/Archieve(DONT USE)/Mid Fights(Dont Use)/1792 x 504/2.mov
206072102	./Fight Night/Archieve(DONT USE)/Mid Fights(Dont Use)/1792 x 504/3.mov
207386839	./Fight Night/Archieve(DONT USE)/Mid Fights(Dont Use)/1792 x 504/4.mov
207708062	./Fight Night/Archieve(DONT USE)/Mid Fights(Dont Use)/1792 x 504/5.mov
180539924	./Fight Night/Archieve(DONT USE)/Mid Fights(Dont Use)/1792 x 504/6.mov
207019189	./Fight Night/Archieve(DONT USE)/Mid Fights(Dont Use)/1792 x 504/7.mov
204657042	./Fight Night/Archieve(DONT USE)/Mid Fights(Dont Use)/1792 x 504/8.mov
409788563	./Fight Night/Archieve(DONT USE)/Mid Fights(Dont Use)/Tunnel/Tunnel_2.mov
407077054	./Fight Night/Archieve(DONT USE)/Mid Fights(Dont Use)/Tunnel/Tunnel_3.mov
402644815	./Fight Night/Archieve(DONT USE)/Mid Fights(Dont Use)/Tunnel/Tunnel_4.mov
411182806	./Fight Night/Archieve(DONT USE)/Mid Fights(Dont Use)/Tunnel/Tunnel_5.mov
405896129	./Fight Night/Archieve(DONT USE)/Mid Fights(Dont Use)/Tunnel/Tunnel_6.mov
408534205	./Fight Night/Archieve(DONT USE)/Mid Fights(Dont Use)/Tunnel/Tunnel_7.mov
408443722	./Fight Night/Archieve(DONT USE)/Mid Fights(Dont Use)/Tunnel/Tunnel_8.mov
278298404	./Fight Night/Archieve(DONT USE)/Ribbons (Dont Use)/Lower/Holding/Lower_Holding.mov
273971380	./Fight Night/Archieve(DONT USE)/Ribbons (Dont Use)/Lower/Midfight/Lower_Fight 2.mov
283812964	./Fight Night/Archieve(DONT USE)/Ribbons (Dont Use)/Lower/Midfight/Lower_Fight 3.mov
279684020	./Fight Night/Archieve(DONT USE)/Ribbons (Dont Use)/Lower/Midfight/Lower_Fight 4.mov
266218836	./Fight Night/Archieve(DONT USE)/Ribbons (Dont Use)/Lower/Midfight/Lower_Fight 5.mov
239269716	./Fight Night/Archieve(DONT USE)/Ribbons (Dont Use)/Lower/Midfight/Lower_Fight 6.mov
268007108	./Fight Night/Archieve(DONT USE)/Ribbons (Dont Use)/Lower/Midfight/Lower_Fight 7.mov
222579972	./Fight Night/Archieve(DONT USE)/Ribbons (Dont Use)/Lower/Midfight/Lower_Fight 8.mov
291554836	./Fight Night/Archieve(DONT USE)/Ribbons (Dont Use)/Lower/Upnext/Lower_Up Next_ Fight 1.mov
279216820	./Fight Night/Archieve(DONT USE)/Ribbons (Dont Use)/Lower/Upnext/Lower_Up Next_ Fight 2.mov
281382724	./Fight Night/Archieve(DONT USE)/Ribbons (Dont Use)/Lower/Upnext/Lower_Up Next_ Fight 3.mov
280683748	./Fight Night/Archieve(DONT USE)/Ribbons (Dont Use)/Lower/Upnext/Lower_Up Next_ Fight 4.mov
277779492	./Fight Night/Archieve(DONT USE)/Ribbons (Dont Use)/Lower/Upnext/Lower_Up Next_ Fight 5.mov
294058500	./Fight Night/Archieve(DONT USE)/Ribbons (Dont Use)/Lower/Upnext/Lower_Up Next_ Fight 6.mov
275499908	./Fight Night/Archieve(DONT USE)/Ribbons (Dont Use)/Lower/Upnext/Lower_Up Next_ Fight 7.mov
170777828	./Fight Night/Archieve(DONT USE)/Ribbons (Dont Use)/Lower/Walkout/Lower_Walkout_1a.mov
183043396	./Fight Night/Archieve(DONT USE)/Ribbons (Dont Use)/Lower/Walkout/Lower_Walkout_1b.mov
235496100	./Fight Night/Archieve(DONT USE)/Ribbons (Dont Use)/Lower/Walkout/Lower_Walkout_2a.mov
212400452	./Fight Night/Archieve(DONT USE)/Ribbons (Dont Use)/Lower/Walkout/Lower_Walkout_2b.mov
201250964	./Fight Night/Archieve(DONT USE)/Ribbons (Dont Use)/Lower/Walkout/Lower_Walkout_3a.mov
194158820	./Fight Night/Archieve(DONT USE)/Ribbons (Dont Use)/Lower/Walkout/Lower_Walkout_3b.mov
195239108	./Fight Night/Archieve(DONT USE)/Ribbons (Dont Use)/Lower/Walkout/Lower_Walkout_4a.mov
202047716	./Fight Night/Archieve(DONT USE)/Ribbons (Dont Use)/Lower/Walkout/Lower_Walkout_4b.mov
235436068	./Fight Night/Archieve(DONT USE)/Ribbons (Dont Use)/Lower/Walkout/Lower_Walkout_5a.mov
209717460	./Fight Night/Archieve(DONT USE)/Ribbons (Dont Use)/Lower/Walkout/Lower_Walkout_5b.mov
175115540	./Fight Night/Archieve(DONT USE)/Ribbons (Dont Use)/Lower/Walkout/Lower_Walkout_6a.mov
218155684	./Fight Night/Archieve(DONT USE)/Ribbons (Dont Use)/Lower/Walkout/Lower_Walkout_6b.mov
202352404	./Fight Night/Archieve(DONT USE)/Ribbons (Dont Use)/Lower/Walkout/Lower_Walkout_7a.mov
222277604	./Fight Night/Archieve(DONT USE)/Ribbons (Dont Use)/Lower/Walkout/Lower_Walkout_7b.mov
179480852	./Fight Night/Archieve(DONT USE)/Ribbons (Dont Use)/Lower/Walkout/Lower_Walkout_8a.mov
178284068	./Fight Night/Archieve(DONT USE)/Ribbons (Dont Use)/Lower/Walkout/Lower_Walkout_8b.mov
276097028	./Fight Night/Archieve(DONT USE)/Ribbons (Dont Use)/Lower/Winner/Lower_Winner_1a.mov
277888772	./Fight Night/Archieve(DONT USE)/Ribbons (Dont Use)/Lower/Winner/Lower_Winner_1b.mov
275949140	./Fight Night/Archieve(DONT USE)/Ribbons (Dont Use)/Lower/Winner/Lower_Winner_2a.mov
278378884	./Fight Night/Archieve(DONT USE)/Ribbons (Dont Use)/Lower/Winner/Lower_Winner_2b.mov
279545924	./Fight Night/Archieve(DONT USE)/Ribbons (Dont Use)/Lower/Winner/Lower_Winner_3a.mov
279020420	./Fight Night/Archieve(DONT USE)/Ribbons (Dont Use)/Lower/Winner/Lower_Winner_3b.mov
278386404	./Fight Night/Archieve(DONT USE)/Ribbons (Dont Use)/Lower/Winner/Lower_Winner_4a.mov
278507172	./Fight Night/Archieve(DONT USE)/Ribbons (Dont Use)/Lower/Winner/Lower_Winner_4b.mov
276527556	./Fight Night/Archieve(DONT USE)/Ribbons (Dont Use)/Lower/Winner/Lower_Winner_5a.mov
278822884	./Fight Night/Archieve(DONT USE)/Ribbons (Dont Use)/Lower/Winner/Lower_Winner_5b.mov
277821380	./Fight Night/Archieve(DONT USE)/Ribbons (Dont Use)/Lower/Winner/Lower_Winner_6a.mov
280093908	./Fight Night/Archieve(DONT USE)/Ribbons (Dont Use)/Lower/Winner/Lower_Winner_6b.mov
277634564	./Fight Night/Archieve(DONT USE)/Ribbons (Dont Use)/Lower/Winner/Lower_Winner_7a.mov
277276196	./Fight Night/Archieve(DONT USE)/Ribbons (Dont Use)/Lower/Winner/Lower_Winner_7b.mov
273455700	./Fight Night/Archieve(DONT USE)/Ribbons (Dont Use)/Lower/Winner/Lower_Winner_8a.mov
278096436	./Fight Night/Archieve(DONT USE)/Ribbons (Dont Use)/Lower/Winner/Lower_Winner_8b.mov
277417540	./Fight Night/Archieve(DONT USE)/Ribbons (Dont Use)/Upper/Holding/Upper_Holding.mov
266686596	./Fight Night/Archieve(DONT USE)/Ribbons (Dont Use)/Upper/Midfight/Upper_Fight 2.mov
276270100	./Fight Night/Archieve(DONT USE)/Ribbons (Dont Use)/Upper/Midfight/Upper_Fight 3.mov
272250980	./Fight Night/Archieve(DONT USE)/Ribbons (Dont Use)/Upper/Midfight/Upper_Fight 4.mov
259159268	./Fight Night/Archieve(DONT USE)/Ribbons (Dont Use)/Upper/Midfight/Upper_Fight 5.mov
232947636	./Fight Night/Archieve(DONT USE)/Ribbons (Dont Use)/Upper/Midfight/Upper_Fight 6.mov
216702628	./Fight Night/Archieve(DONT USE)/Ribbons (Dont Use)/Upper/Midfight/Upper_Fight 7.mov
260907652	./Fight Night/Archieve(DONT USE)/Ribbons (Dont Use)/Upper/Midfight/Upper_Fight 8.mov
283813108	./Fight Night/Archieve(DONT USE)/Ribbons (Dont Use)/Upper/Upnext/Upper_Up Next_Fight 1.mov
276502052	./Fight Night/Archieve(DONT USE)/Ribbons (Dont Use)/Upper/Upnext/Upper_Up Next_Fight 2.mov
279023156	./Fight Night/Archieve(DONT USE)/Ribbons (Dont Use)/Upper/Upnext/Upper_Up Next_Fight 3.mov
277914068	./Fight Night/Archieve(DONT USE)/Ribbons (Dont Use)/Upper/Upnext/Upper_Up Next_Fight 4.mov
277389732	./Fight Night/Archieve(DONT USE)/Ribbons (Dont Use)/Upper/Upnext/Upper_Up Next_Fight 5.mov
297352228	./Fight Night/Archieve(DONT USE)/Ribbons (Dont Use)/Upper/Upnext/Upper_Up Next_Fight 6.mov
273822548	./Fight Night/Archieve(DONT USE)/Ribbons (Dont Use)/Upper/Upnext/Upper_Up Next_Fight 7.mov
164850436	./Fight Night/Archieve(DONT USE)/Ribbons (Dont Use)/Upper/Walkout/Upper_Walkout_1a.mov
178228324	./Fight Night/Archieve(DONT USE)/Ribbons (Dont Use)/Upper/Walkout/Upper_Walkout_1b.mov
229273332	./Fight Night/Archieve(DONT USE)/Ribbons (Dont Use)/Upper/Walkout/Upper_Walkout_2a.mov
206802628	./Fight Night/Archieve(DONT USE)/Ribbons (Dont Use)/Upper/Walkout/Upper_Walkout_2b.mov
195951844	./Fight Night/Archieve(DONT USE)/Ribbons (Dont Use)/Upper/Walkout/Upper_Walkout_3a.mov
189050836	./Fight Night/Archieve(DONT USE)/Ribbons (Dont Use)/Upper/Walkout/Upper_Walkout_3b.mov
190101220	./Fight Night/Archieve(DONT USE)/Ribbons (Dont Use)/Upper/Walkout/Upper_Walkout_4a.mov
196727668	./Fight Night/Archieve(DONT USE)/Ribbons (Dont Use)/Upper/Walkout/Upper_Walkout_4b.mov
229220676	./Fight Night/Archieve(DONT USE)/Ribbons (Dont Use)/Upper/Walkout/Upper_Walkout_5a.mov
204190532	./Fight Night/Archieve(DONT USE)/Ribbons (Dont Use)/Upper/Walkout/Upper_Walkout_5b.mov
170516900	./Fight Night/Archieve(DONT USE)/Ribbons (Dont Use)/Upper/Walkout/Upper_Walkout_6a.mov
212402372	./Fight Night/Archieve(DONT USE)/Ribbons (Dont Use)/Upper/Walkout/Upper_Walkout_6b.mov
174764676	./Fight Night/Archieve(DONT USE)/Ribbons (Dont Use)/Upper/Walkout/Upper_Walkout_7a.mov
173599972	./Fight Night/Archieve(DONT USE)/Ribbons (Dont Use)/Upper/Walkout/Upper_Walkout_7b.mov
197021812	./Fight Night/Archieve(DONT USE)/Ribbons (Dont Use)/Upper/Walkout/Upper_Walkout_8a.mov
216419012	./Fight Night/Archieve(DONT USE)/Ribbons (Dont Use)/Upper/Walkout/Upper_Walkout_8b.mov
275234340	./Fight Night/Archieve(DONT USE)/Ribbons (Dont Use)/Upper/Winner/Upper_Winner_1a.mov
276249908	./Fight Night/Archieve(DONT USE)/Ribbons (Dont Use)/Upper/Winner/Upper_Winner_1b.mov
276855156	./Fight Night/Archieve(DONT USE)/Ribbons (Dont Use)/Upper/Winner/Upper_Winner_2a.mov
276386916	./Fight Night/Archieve(DONT USE)/Ribbons (Dont Use)/Upper/Winner/Upper_Winner_2b.mov
277251124	./Fight Night/Archieve(DONT USE)/Ribbons (Dont Use)/Upper/Winner/Upper_Winner_3a.mov
276645108	./Fight Night/Archieve(DONT USE)/Ribbons (Dont Use)/Upper/Winner/Upper_Winner_3b.mov
276694836	./Fight Night/Archieve(DONT USE)/Ribbons (Dont Use)/Upper/Winner/Upper_Winner_4a.mov
276770884	./Fight Night/Archieve(DONT USE)/Ribbons (Dont Use)/Upper/Winner/Upper_Winner_4b.mov
277007700	./Fight Night/Archieve(DONT USE)/Ribbons (Dont Use)/Upper/Winner/Upper_Winner_5a.mov
277813076	./Fight Night/Archieve(DONT USE)/Ribbons (Dont Use)/Upper/Winner/Upper_Winner_5b.mov
277067940	./Fight Night/Archieve(DONT USE)/Ribbons (Dont Use)/Upper/Winner/Upper_Winner_6a.mov
278254548	./Fight Night/Archieve(DONT USE)/Ribbons (Dont Use)/Upper/Winner/Upper_Winner_6b.mov
276401428	./Fight Night/Archieve(DONT USE)/Ribbons (Dont Use)/Upper/Winner/Upper_Winner_7a.mov
276231892	./Fight Night/Archieve(DONT USE)/Ribbons (Dont Use)/Upper/Winner/Upper_Winner_7b.mov
278471828	./Fight Night/Archieve(DONT USE)/Ribbons (Dont Use)/Upper/Winner/Upper_Winner_8a.mov
278417188	./Fight Night/Archieve(DONT USE)/Ribbons (Dont Use)/Upper/Winner/Upper_Winner_8b.mov
375139233	./Fight Night/Archieve(DONT USE)/Up Next (Dont Use)/1080 x 1920/1.mov
376275126	./Fight Night/Archieve(DONT USE)/Up Next (Dont Use)/1080 x 1920/2.mov
376026929	./Fight Night/Archieve(DONT USE)/Up Next (Dont Use)/1080 x 1920/3.mov
384271538	./Fight Night/Archieve(DONT USE)/Up Next (Dont Use)/1080 x 1920/4.mov
383766889	./Fight Night/Archieve(DONT USE)/Up Next (Dont Use)/1080 x 1920/5.mov
378890644	./Fight Night/Archieve(DONT USE)/Up Next (Dont Use)/1080 x 1920/6.mov
384683376	./Fight Night/Archieve(DONT USE)/Up Next (Dont Use)/1080 x 1920/7_1.mov
188959660	./Fight Night/Archieve(DONT USE)/Up Next (Dont Use)/1792 x 504/7_1.mov
384038584	./Fight Night/Archieve(DONT USE)/Up Next (Dont Use)/Tunnel/Render_1.mov
401141470	./Fight Night/Archieve(DONT USE)/Up Next (Dont Use)/Tunnel/Render_2.mov
406821531	./Fight Night/Archieve(DONT USE)/Up Next (Dont Use)/Tunnel/Render_3.mov
405552876	./Fight Night/Archieve(DONT USE)/Up Next (Dont Use)/Tunnel/Render_4.mov
407166599	./Fight Night/Archieve(DONT USE)/Up Next (Dont Use)/Tunnel/Render_5.mov
403319042	./Fight Night/Archieve(DONT USE)/Up Next (Dont Use)/Tunnel/Render_6.mov
414864188	./Fight Night/Archieve(DONT USE)/Up Next (Dont Use)/Tunnel/Render_7.mov
96487812	./Fight Night/Rounds/1080 x 1920/1.mov
95912116	./Fight Night/Rounds/1080 x 1920/10.mov
94644820	./Fight Night/Rounds/1080 x 1920/11.mov
95374820	./Fight Night/Rounds/1080 x 1920/12.mov
96965252	./Fight Night/Rounds/1080 x 1920/2.mov
94312484	./Fight Night/Rounds/1080 x 1920/3.mov
96375732	./Fight Night/Rounds/1080 x 1920/4.mov
96267652	./Fight Night/Rounds/1080 x 1920/5.mov
97507572	./Fight Night/Rounds/1080 x 1920/6.mov
96150788	./Fight Night/Rounds/1080 x 1920/7.mov
95613332	./Fight Night/Rounds/1080 x 1920/8.mov
95439540	./Fight Night/Rounds/1080 x 1920/9.mov
44330116	./Fight Night/Rounds/1792 x 504/1.mov
43829700	./Fight Night/Rounds/1792 x 504/10.mov
42744772	./Fight Night/Rounds/1792 x 504/11.mov
43493492	./Fight Night/Rounds/1792 x 504/12.mov
44818692	./Fight Night/Rounds/1792 x 504/2.mov
42590484	./Fight Night/Rounds/1792 x 504/3.mov
44150052	./Fight Night/Rounds/1792 x 504/4.mov
44138884	./Fight Night/Rounds/1792 x 504/5.mov
45306644	./Fight Night/Rounds/1792 x 504/6.mov
44254708	./Fight Night/Rounds/1792 x 504/7.mov
43056068	./Fight Night/Rounds/1792 x 504/8.mov
43582340	./Fight Night/Rounds/1792 x 504/9.mov
17356301	./Fight Night/Walkouts/1a/1a_Tunnel.mov
6679043	./Fight Night/Walkouts/1a/Corner Boards_576 x 648_1a.mov
17332358	./Fight Night/Walkouts/1a/Full Barge_1792 x 504_1a.mov
16735760	./Fight Night/Walkouts/1a/Main Video Board_1920x1080_1a.mov
10492295	./Fight Night/Walkouts/1a/Wedge 504 x 2016_1a.mov
11738303	./Fight Night/Walkouts/1b/1b_Tunnel.mov
11716307	./Fight Night/Walkouts/1b/Corner Boards_576 x 648_1b.mov
11691082	./Fight Night/Walkouts/1b/Full Barge_1792 x 504_1b.mov
11654647	./Fight Night/Walkouts/1b/Main Video Board_1920x1080_1b.mov
11830323	./Fight Night/Walkouts/1b/Wedge 504 x 2016_1b.mov
11913951	./Fight Night/Walkouts/2a/2a_Tunnel.mov
9620259	./Fight Night/Walkouts/2a/Corner Boards_ 576 x 648_2a.mov
15631908	./Fight Night/Walkouts/2a/Full Barge 1792 x 504_2a.mov
15656859	./Fight Night/Walkouts/2a/Main Video Booard_1920x1080_2a.mov
14473071	./Fight Night/Walkouts/2a/Wedge 504 x 2017_2a.mov
19402118	./Fight Night/Walkouts/2b/2b_Tunnel.mov
7086694	./Fight Night/Walkouts/2b/Corner Boards 576 x 648_2b.mov
20066005	./Fight Night/Walkouts/2b/Full Barge 1792 x 504_2b.mov
20095018	./Fight Night/Walkouts/2b/Main Video Board 1920 x 1080_2b.mov
8144354	./Fight Night/Walkouts/2b/Wedge_504x2017_2b.mov
17335060	./Fight Night/Walkouts/3a/3a_Tunnel.mov
8551018	./Fight Night/Walkouts/3a/Corner Boards_576 x 648_3a.mov
39524372	./Fight Night/Walkouts/3a/Full Barge 1792 x 504_3a.mov
16131869	./Fight Night/Walkouts/3a/Main Video Board 1920 x 1080_3a.mov
11769755	./Fight Night/Walkouts/3a/Wedge_504x2017_3a.mov
21288560	./Fight Night/Walkouts/3b/3b_Tunnel.mov
21149842	./Fight Night/Walkouts/3b/Corner Boards 576 x 648_3b.mov
21796505	./Fight Night/Walkouts/3b/Full Barge 1792 x 504_3b.mov
21883350	./Fight Night/Walkouts/3b/Main  Videoboard 1920 x 1080_3b.mov
21430930	./Fight Night/Walkouts/3b/Wedge_504x2017_3b.mov
31930138	./Fight Night/Walkouts/4a/4a_Tunnel.mov
31137424	./Fight Night/Walkouts/4a/Corner Post 576 x 648_4a.mov
32116811	./Fight Night/Walkouts/4a/Full Barge 1792x504_4a.mov
32152289	./Fight Night/Walkouts/4a/Main Video 1920x1080_4a.mov
17674096	./Fight Night/Walkouts/4a/wedge_504x2017_4a.mov
15775783	./Fight Night/Walkouts/4b/4b_Tunnel.mov
14390268	./Fight Night/Walkouts/4b/Corner Boards 576 x 648_4b.mov
15598795	./Fight Night/Walkouts/4b/Full Barge 1792x504_4b.mov
15907053	./Fight Night/Walkouts/4b/Main Video Board_ 1920x1080_4b.mov
15703448	./Fight Night/Walkouts/4b/Wedge_504x2017_4b.mov
31707828	./Fight Night/Walkouts/5a/5a_Tunnel.mov
31981947	./Fight Night/Walkouts/5a/Corner Boards 576 x 648_5a.mov
31747142	./Fight Night/Walkouts/5a/Full Barge 1792 x 504_5a.mov
31685452	./Fight Night/Walkouts/5a/Main Video 1920 x 1080_5a.mov
31810699	./Fight Night/Walkouts/5a/Wedge_504x2017_5a.mov
28351016	./Fight Night/Walkouts/5b/5b_Tunnel.mov
12902505	./Fight Night/Walkouts/5b/Corner Boards 576 x 648_5b.mov
24966530	./Fight Night/Walkouts/5b/Full Barge 1792 x 504_5b.mov
27526220	./Fight Night/Walkouts/5b/Main Video 1920x1080_5b.mov
10584956	./Fight Night/Walkouts/5b/wedge_504x2017_5b.mov
18714590	./Fight Night/Walkouts/6a/6a_Tunnel.mov
19005130	./Fight Night/Walkouts/6a/Corner Board 576 x 648_6a.mov
18751012	./Fight Night/Walkouts/6a/Full Barge 1792 504_6a.mov
18802707	./Fight Night/Walkouts/6a/Main Video 1920x1080_6a.mov
17903055	./Fight Night/Walkouts/6a/Wedge_504x2017_6a.mov
24364411	./Fight Night/Walkouts/6b/6b_Tunnel.mov
16708077	./Fight Night/Walkouts/6b/Corner Boards 576 x 648_6b.mov
24017640	./Fight Night/Walkouts/6b/Full Barge 1792 x 504_6b.mov
24013510	./Fight Night/Walkouts/6b/Main Video 1920 x 1080_6b.mov
20856419	./Fight Night/Walkouts/6b/wedge 504x2017_6b.mov
19658761	./Fight Night/Walkouts/7a/8a_Tunnel_1.mov
8424705	./Fight Night/Walkouts/7a/Corner 576 x 648_8a.mov
19393608	./Fight Night/Walkouts/7a/Main Video 1920 x 1080_8a.mov
18888376	./Fight Night/Walkouts/7a/Scoreboard 1792 x 504_8a.mov
8363025	./Fight Night/Walkouts/7a/Wedge_504x2017_8a.mov
16567997	./Fight Night/Walkouts/7b/8b_Tunnel.mov
16351463	./Fight Night/Walkouts/7b/Corner Boards 576 x 648_8b.mov
16325449	./Fight Night/Walkouts/7b/Full Barge 1792 x 504_8b.mov
16443653	./Fight Night/Walkouts/7b/Main Video 1920 x 1080_8b.mov
16916534	./Fight Night/Walkouts/7b/Wedge_504x2017_8b.mov
23944799	./Fight Night/Walkouts/8a/7a_Tunnel.mov
6924888	./Fight Night/Walkouts/8a/Corner Boards 576 x 648_7a.mov
24166611	./Fight Night/Walkouts/8a/Full Barge 1728 x 504_7a.mov
24219596	./Fight Night/Walkouts/8a/Main Video 1920 x 1080_7a.mov
7686050	./Fight Night/Walkouts/8a/Wedge_504x2017_7a.mov
14385539	./Fight Night/Walkouts/8b/7b_Tunnel.mov
7351598	./Fight Night/Walkouts/8b/Corner Boards 576 x 648_7b.mov
14222150	./Fight Night/Walkouts/8b/Full Burge 1792 x 504_7b.mov
14750702	./Fight Night/Walkouts/8b/Main Video 1920 x1080_7b.mov
6996223	./Fight Night/Walkouts/8b/Wedge_504x2017_7b.mov
381366178	./Fight Night/Winners/1080x1920/1b.mov
368764439	./Fight Night/Winners/1080x1920/2a.mov
338998229	./Fight Night/Winners/1080x1920/2b.mov
334391415	./Fight Night/Winners/1080x1920/3a.mov
325815602	./Fight Night/Winners/1080x1920/3b.mov
378065637	./Fight Night/Winners/1080x1920/4a.mov
348048053	./Fight Night/Winners/1080x1920/4b.mov
367986826	./Fight Night/Winners/1080x1920/5a.mov
339181909	./Fight Night/Winners/1080x1920/5b.mov
398764142	./Fight Night/Winners/1080x1920/6a.mov
400120014	./Fight Night/Winners/1080x1920/6b.mov
334450572	./Fight Night/Winners/1080x1920/7a.mov
353758476	./Fight Night/Winners/1080x1920/7b.mov
367760809	./Fight Night/Winners/1080x1920/8a.mov
385259356	./Fight Night/Winners/1080x1920/8b.mov
83476108	./Fight Night/Winners/1792 x 504/1a.mov
92347452	./Fight Night/Winners/1792 x 504/1b.mov
101711324	./Fight Night/Winners/1792 x 504/2a.mov
94325804	./Fight Night/Winners/1792 x 504/2b.mov
91172572	./Fight Night/Winners/1792 x 504/3a.mov
92650732	./Fight Night/Winners/1792 x 504/3b.mov
91111740	./Fight Night/Winners/1792 x 504/4a.mov
106803980	./Fight Night/Winners/1792 x 504/4b.mov
98040236	./Fight Night/Winners/1792 x 504/5a.mov
100809628	./Fight Night/Winners/1792 x 504/5b.mov
88414764	./Fight Night/Winners/1792 x 504/6a.mov
96292828	./Fight Night/Winners/1792 x 504/6b.mov
102999052	./Fight Night/Winners/1792 x 504/7a.mov
106447923	./Fight Night/Winners/1792 x 504/7b.mov
93024172	./Fight Night/Winners/1792 x 504/8a.mov
93481404	./Fight Night/Winners/1792 x 504/8b.mov
117305890	./Fight Night/Winners/Tunnel/Render_1a.mov
118005204	./Fight Night/Winners/Tunnel/Render_1b.mov
112006962	./Fight Night/Winners/Tunnel/Render_2a.mov
116158228	./Fight Night/Winners/Tunnel/Render_2b.mov
114677778	./Fight Night/Winners/Tunnel/Render_3a.mov
116557716	./Fight Night/Winners/Tunnel/Render_3b.mov
114831218	./Fight Night/Winners/Tunnel/Render_4a.mov
112616484	./Fight Night/Winners/Tunnel/Render_4b.mov
113924274	./Fight Night/Winners/Tunnel/Render_5a.mov
114088564	./Fight Night/Winners/Tunnel/Render_5b.mov
112252402	./Fight Night/Winners/Tunnel/Render_6a.mov
112342836	./Fight Night/Winners/Tunnel/Render_6b.mov
114828066	./Fight Night/Winners/Tunnel/Render_7a.mov
113011300	./Fight Night/Winners/Tunnel/Render_7b.mov
111593250	./Fight Night/Winners/Tunnel/Render_8a.mov
112264676	./Fight Night/Winners/Tunnel/Render_8b.mov
124579620	./Fight Night/_Updates/Corner Boards/Holding/Holding_576 x 648.mov
20166980	./Fight Night/_Updates/Corner Boards/Round/Cornerboards_576 x 648.mov
42040652	./Fight Night/_Updates/Corner Boards/Walkout/Corner Post 576 x 648_4a.mov
28354100	./Fight Night/_Updates/Corner Boards/Winner/Winner_576 x 648.mov
181463044	./Fight Night/_Updates/Full barge/Holding/1.mov
179955812	./Fight Night/_Updates/Full barge/Midfight/2.mov
182416356	./Fight Night/_Updates/Full barge/Midfight/3.mov
182404852	./Fight Night/_Updates/Full barge/Midfight/4.mov
183502196	./Fight Night/_Updates/Full barge/Midfight/5.mov
180593540	./Fight Night/_Updates/Full barge/Midfight/6.mov
182711396	./Fight Night/_Updates/Full barge/Midfight/7.mov
181558484	./Fight Night/_Updates/Full barge/Midfight/8.mov
180539700	./Fight Night/_Updates/Full barge/Upnext/1.mov
184929732	./Fight Night/_Updates/Full barge/Upnext/2.mov
186015044	./Fight Night/_Updates/Full barge/Upnext/3.mov
186443524	./Fight Night/_Updates/Full barge/Upnext/4.mov
186186868	./Fight Night/_Updates/Full barge/Upnext/5.mov
181543604	./Fight Night/_Updates/Full barge/Upnext/6.mov
185891140	./Fight Night/_Updates/Full barge/Upnext/7.mov
89823524	./Fight Night/_Updates/Full barge/Walkout/Full Barge_1792 x 504_1a.mov
347174340	./Fight Night/_Updates/Main Board/Holding/Main Board_1920 x 1080.mov
356518260	./Fight Night/_Updates/Main Board/Midfights/2.mov
352995316	./Fight Night/_Updates/Main Board/Midfights/3.mov
349507588	./Fight Night/_Updates/Main Board/Midfights/4.mov
349141572	./Fight Night/_Updates/Main Board/Midfights/5.mov
353122836	./Fight Night/_Updates/Main Board/Midfights/6.mov
356200020	./Fight Night/_Updates/Main Board/Midfights/7.mov
353538132	./Fight Night/_Updates/Main Board/Midfights/8.mov
354070612	./Fight Night/_Updates/Main Board/Up Next/1.mov
356066196	./Fight Night/_Updates/Main Board/Up Next/2.mov
355337300	./Fight Night/_Updates/Main Board/Up Next/3.mov
356854212	./Fight Night/_Updates/Main Board/Up Next/4.mov
352418452	./Fight Night/_Updates/Main Board/Up Next/5.mov
358132372	./Fight Night/_Updates/Main Board/Up Next/6.mov
351582500	./Fight Night/_Updates/Main Board/Up Next/7.mov
362765668	./Fight Night/_Updates/Main Board/Winners/1a.mov
367681892	./Fight Night/_Updates/Main Board/Winners/1b.mov
371694788	./Fight Night/_Updates/Main Board/Winners/2a.mov
345661060	./Fight Night/_Updates/Main Board/Winners/2b.mov
341734084	./Fight Night/_Updates/Main Board/Winners/3a.mov
333708836	./Fight Night/_Updates/Main Board/Winners/3b.mov
381968628	./Fight Night/_Updates/Main Board/Winners/4a.mov
351919124	./Fight Night/_Updates/Main Board/Winners/4b.mov
371522500	./Fight Night/_Updates/Main Board/Winners/5a.mov
348919444	./Fight Night/_Updates/Main Board/Winners/5b.mov
368938260	./Fight Night/_Updates/Main Board/Winners/6a.mov
366917540	./Fight Night/_Updates/Main Board/Winners/6b.mov
371203252	./Fight Night/_Updates/Main Board/Winners/7a.mov
386354516	./Fight Night/_Updates/Main Board/Winners/7b.mov
347009204	./Fight Night/_Updates/Main Board/Winners/8a.mov
359379044	./Fight Night/_Updates/Main Board/Winners/8b.mov
275707540	./Fight Night/_Updates/Ribbons/Lower/Holding/Lower_Holding_V2.mov
292343396	./Fight Night/_Updates/Ribbons/Lower/Midfights/Lower_Fight 2_V2.mov
296975684	./Fight Night/_Updates/Ribbons/Lower/Midfights/Lower_Fight 3_V2.mov
297977124	./Fight Night/_Updates/Ribbons/Lower/Midfights/Lower_Fight 4_v2.mov
284541988	./Fight Night/_Updates/Ribbons/Lower/Midfights/Lower_Fight 5_V2.mov
257597028	./Fight Night/_Updates/Ribbons/Lower/Midfights/Lower_Fight 6_V2.mov
286339188	./Fight Night/_Updates/Ribbons/Lower/Midfights/Lower_Fight 7_V2.mov
240925604	./Fight Night/_Updates/Ribbons/Lower/Midfights/Lower_Fight 8_V2.mov
269167716	./Fight Night/_Updates/Ribbons/Lower/Up Next/Lower_Up Next_ Fight 1_V2.mov
276210516	./Fight Night/_Updates/Ribbons/Lower/Up Next/Lower_Up Next_ Fight 2_V2.mov
275733252	./Fight Night/_Updates/Ribbons/Lower/Up Next/Lower_Up Next_ Fight 3_V2.mov
274560372	./Fight Night/_Updates/Ribbons/Lower/Up Next/Lower_Up Next_ Fight 4_V2.mov
282213588	./Fight Night/_Updates/Ribbons/Lower/Up Next/Lower_Up Next_ Fight 5_V2.mov
290556740	./Fight Night/_Updates/Ribbons/Lower/Up Next/Lower_Up Next_ Fight 6_V2.mov
280253988	./Fight Night/_Updates/Ribbons/Lower/Up Next/Lower_Up Next_ Fight 7_V2.mov
190770916	./Fight Night/_Updates/Ribbons/Lower/Walkouts/Lower_Walkout_1a.mov
202408676	./Fight Night/_Updates/Ribbons/Lower/Walkouts/Lower_Walkout_1b.mov
255957188	./Fight Night/_Updates/Ribbons/Lower/Walkouts/Lower_Walkout_2a.mov
232315108	./Fight Night/_Updates/Ribbons/Lower/Walkouts/Lower_Walkout_2b.mov
220929988	./Fight Night/_Updates/Ribbons/Lower/Walkouts/Lower_Walkout_3a.mov
213573332	./Fight Night/_Updates/Ribbons/Lower/Walkouts/Lower_Walkout_3b.mov
214871236	./Fight Night/_Updates/Ribbons/Lower/Walkouts/Lower_Walkout_4a.mov
221735748	./Fight Night/_Updates/Ribbons/Lower/Walkouts/Lower_Walkout_4b.mov
255608468	./Fight Night/_Updates/Ribbons/Lower/Walkouts/Lower_Walkout_5a.mov
229546852	./Fight Night/_Updates/Ribbons/Lower/Walkouts/Lower_Walkout_5b.mov
194450084	./Fight Night/_Updates/Ribbons/Lower/Walkouts/Lower_Walkout_6a.mov
238325172	./Fight Night/_Updates/Ribbons/Lower/Walkouts/Lower_Walkout_6b.mov
227829796	./Fight Night/_Updates/Ribbons/Lower/Walkouts/Lower_Walkout_7A.mov
242036852	./Fight Night/_Updates/Ribbons/Lower/Walkouts/Lower_Walkout_7B.mov
198849652	./Fight Night/_Updates/Ribbons/Lower/Walkouts/Lower_Walkout_8a.mov
197756884	./Fight Night/_Updates/Ribbons/Lower/Walkouts/Lower_Walkout_8b.mov
276145540	./Fight Night/_Updates/Ribbons/Lower/Winners/Lower_Winner_1a.mov
277094484	./Fight Night/_Updates/Ribbons/Lower/Winners/Lower_Winner_1b.mov
272600084	./Fight Night/_Updates/Ribbons/Lower/Winners/Lower_Winner_2a.mov
273130628	./Fight Night/_Updates/Ribbons/Lower/Winners/Lower_Winner_2b.mov
274396116	./Fight Night/_Updates/Ribbons/Lower/Winners/Lower_Winner_3a.mov
276218228	./Fight Night/_Updates/Ribbons/Lower/Winners/Lower_Winner_3b.mov
277464356	./Fight Night/_Updates/Ribbons/Lower/Winners/Lower_Winner_4a.mov
277563460	./Fight Night/_Updates/Ribbons/Lower/Winners/Lower_Winner_4b.mov
273156916	./Fight Night/_Updates/Ribbons/Lower/Winners/Lower_Winner_5a.mov
273615332	./Fight Night/_Updates/Ribbons/Lower/Winners/Lower_Winner_5b.mov
275781252	./Fight Night/_Updates/Ribbons/Lower/Winners/Lower_Winner_6a.mov
275165844	./Fight Night/_Updates/Ribbons/Lower/Winners/Lower_Winner_6b.mov
275258916	./Fight Night/_Updates/Ribbons/Lower/Winners/Lower_Winner_7a.mov
273058836	./Fight Night/_Updates/Ribbons/Lower/Winners/Lower_Winner_7b.mov
275645220	./Fight Night/_Updates/Ribbons/Lower/Winners/Lower_Winner_8a.mov
276722532	./Fight Night/_Updates/Ribbons/Lower/Winners/Lower_Winner_8b.mov
275888324	./Fight Night/_Updates/Ribbons/Upper/Holding/Upper_Holding_V2.mov
284490116	./Fight Night/_Updates/Ribbons/Upper/Midfights/Upper_Fight 2.mov
294051172	./Fight Night/_Updates/Ribbons/Upper/Midfights/Upper_Fight 3.mov
289976612	./Fight Night/_Updates/Ribbons/Upper/Midfights/Upper_Fight 4.mov
276914804	./Fight Night/_Updates/Ribbons/Upper/Midfights/Upper_Fight 5.mov
250706052	./Fight Night/_Updates/Ribbons/Upper/Midfights/Upper_Fight 6.mov
278670804	./Fight Night/_Updates/Ribbons/Upper/Midfights/Upper_Fight 7.mov
234480180	./Fight Night/_Updates/Ribbons/Upper/Midfights/Upper_Fight 8.mov
261949908	./Fight Night/_Updates/Ribbons/Upper/Upnext/Upper_Up Next_Fight 1.mov
278368708	./Fight Night/_Updates/Ribbons/Upper/Upnext/Upper_Up Next_Fight 2.mov
275367892	./Fight Night/_Updates/Ribbons/Upper/Upnext/Upper_Up Next_Fight 3.mov
275165252	./Fight Night/_Updates/Ribbons/Upper/Upnext/Upper_Up Next_Fight 4.mov
287744388	./Fight Night/_Updates/Ribbons/Upper/Upnext/Upper_Up Next_Fight 5.mov
282775892	./Fight Night/_Updates/Ribbons/Upper/Upnext/Upper_Up Next_Fight 6.mov
286188900	./Fight Night/_Updates/Ribbons/Upper/Upnext/Upper_Up Next_Fight 7.mov
185672052	./Fight Night/_Updates/Ribbons/Upper/Walkout/Upper_Walkout_1a.mov
196998116	./Fight Night/_Updates/Ribbons/Upper/Walkout/Upper_Walkout_1b.mov
249108196	./Fight Night/_Updates/Ribbons/Upper/Walkout/Upper_Walkout_2a.mov
226106308	./Fight Night/_Updates/Ribbons/Upper/Walkout/Upper_Walkout_2b.mov
215025268	./Fight Night/_Updates/Ribbons/Upper/Walkout/Upper_Walkout_3a.mov
207866532	./Fight Night/_Updates/Ribbons/Upper/Walkout/Upper_Walkout_3b.mov
209128036	./Fight Night/_Updates/Ribbons/Upper/Walkout/Upper_Walkout_4a.mov
215806308	./Fight Night/_Updates/Ribbons/Upper/Walkout/Upper_Walkout_4b.mov
248774788	./Fight Night/_Updates/Ribbons/Upper/Walkout/Upper_Walkout_5a.mov
223410260	./Fight Night/_Updates/Ribbons/Upper/Walkout/Upper_Walkout_5b.mov
189257364	./Fight Night/_Updates/Ribbons/Upper/Walkout/Upper_Walkout_6a.mov
231953364	./Fight Night/_Updates/Ribbons/Upper/Walkout/Upper_Walkout_6b.mov
221740900	./Fight Night/_Updates/Ribbons/Upper/Walkout/Upper_Walkout_7a.mov
235567092	./Fight Night/_Updates/Ribbons/Upper/Walkout/Upper_Walkout_7b.mov
193535332	./Fight Night/_Updates/Ribbons/Upper/Walkout/Upper_Walkout_8a.mov
192472820	./Fight Night/_Updates/Ribbons/Upper/Walkout/Upper_Walkout_8b.mov
274058340	./Fight Night/_Updates/Ribbons/Upper/Winners/Upper_Winner_1a.mov
274949300	./Fight Night/_Updates/Ribbons/Upper/Winners/Upper_Winner_1b.mov
272285444	./Fight Night/_Updates/Ribbons/Upper/Winners/Upper_Winner_2a.mov
273065252	./Fight Night/_Updates/Ribbons/Upper/Winners/Upper_Winner_2b.mov
275842708	./Fight Night/_Updates/Ribbons/Upper/Winners/Upper_Winner_3a.mov
275646388	./Fight Night/_Updates/Ribbons/Upper/Winners/Upper_Winner_3b.mov
274990692	./Fight Night/_Updates/Ribbons/Upper/Winners/Upper_Winner_4a.mov
275545700	./Fight Night/_Updates/Ribbons/Upper/Winners/Upper_Winner_4b.mov
272977588	./Fight Night/_Updates/Ribbons/Upper/Winners/Upper_Winner_5a.mov
274709652	./Fight Night/_Updates/Ribbons/Upper/Winners/Upper_Winner_5b.mov
275180468	./Fight Night/_Updates/Ribbons/Upper/Winners/Upper_Winner_6a.mov
273640724	./Fight Night/_Updates/Ribbons/Upper/Winners/Upper_Winner_6b.mov
274171780	./Fight Night/_Updates/Ribbons/Upper/Winners/Upper_Winner_7a.mov
273598148	./Fight Night/_Updates/Ribbons/Upper/Winners/Upper_Winner_7b.mov
273576980	./Fight Night/_Updates/Ribbons/Upper/Winners/Upper_Winner_8a.mov
274885028	./Fight Night/_Updates/Ribbons/Upper/Winners/Upper_Winner_8b.mov
299834084	./Fight Night/_Updates/Tunnel/Holding/Render_1.mov
354974020	./Fight Night/_Updates/Tunnel/Mid Fight/Render_2.mov
355068692	./Fight Night/_Updates/Tunnel/Mid Fight/Render_3.mov
361520836	./Fight Night/_Updates/Tunnel/Mid Fight/Render_4.mov
360714580	./Fight Night/_Updates/Tunnel/Mid Fight/Render_5.mov
361691460	./Fight Night/_Updates/Tunnel/Mid Fight/Render_6.mov
366893684	./Fight Night/_Updates/Tunnel/Mid Fight/Render_7.mov
369521556	./Fight Night/_Updates/Tunnel/Mid Fight/Render_8.mov
359482564	./Fight Night/_Updates/Tunnel/Up Next/Render_1.mov
360223012	./Fight Night/_Updates/Tunnel/Up Next/Render_2.mov
362424948	./Fight Night/_Updates/Tunnel/Up Next/Render_3.mov
363395140	./Fight Night/_Updates/Tunnel/Up Next/Render_4.mov
366394084	./Fight Night/_Updates/Tunnel/Up Next/Render_5.mov
361679076	./Fight Night/_Updates/Tunnel/Up Next/Render_6.mov
367320964	./Fight Night/_Updates/Tunnel/Up Next/Render_7.mov
32488580	./Fight Night/_Updates/Wedge/Wedge.mov
503268	./Matchroom - Ruiz VS Knyba - Prudential Center - Fight Night V1.pdf
76954068	./OneDrive_1_9-6-2026/Celeb Pro Classic/Fidelity QFCM9403000H_49539_WLTH_Doors Grandparents PIM_LEGAL REV_30_INNOVID_16x9_ST_NC.mp4
61082555	./OneDrive_1_9-6-2026/Celeb Pro Classic/OLV_HARD_30_16x9_R1.mp4
140700768	./OneDrive_1_9-6-2026/Celeb Pro Classic/WILSON_RF_HOF_ORGANIC_30_16X9.mp4
563771030	./OneDrive_1_9-6-2026/Celeb Pro Classic/wilsoncreative_wilson_rf_hof_organic_30_9x16-mp4_2026-08-04_2207.zip
45169157	./OneDrive_1_9-6-2026/Letters to Greatness Compilation/ITHF_LETTERS TO GREATNESS_ROGER_GRACE_V2 (1).mp4
14167355	./OneDrive_1_9-6-2026/Letters to Greatness Compilation/LTG - Dartmouth Speech.mov
61024128	./OneDrive_1_9-6-2026/Letters to Greatness Compilation/LTG - Indian Wells Wristband Story.mp4
22545766	./OneDrive_1_9-6-2026/Letters to Greatness Compilation/LTG - Roger - Aussie win.mp4
52109932	./OneDrive_1_9-6-2026/Letters to Greatness Compilation/LTG - Roger - Legend.mov
45345329	./OneDrive_1_9-6-2026/Letters to Greatness Compilation/LTG - Roger - No one more deserving.mp4
37345526	./OneDrive_1_9-6-2026/Letters to Greatness Compilation/LTG - Roger - You've Been a Hero.mp4
50373716	./OneDrive_1_9-6-2026/Letters to Greatness Compilation/LTG Wimbledon.mp4
61326045	./OneDrive_1_9-6-2026/Letters to Greatness Compilation/LTG.mp4
47927127	./OneDrive_1_9-6-2026/Letters to Greatness Compilation/Nick Reel Letters to Greatness.mp4
36515027	./OneDrive_1_9-6-2026/Letters to Greatness Compilation/Roland Garros LTG Professional Edit (1).mp4
48150986	./OneDrive_1_9-6-2026/Letters to Greatness Compilation/ltg - class.mp4
38882979	./OneDrive_1_9-6-2026/Letters to Greatness Compilation/ltg roger series.mp4
49404081	./OneDrive_1_9-6-2026/Letters to Greatness Compilation/ltg roger single(1).mov
39463662	./OneDrive_1_9-6-2026/Letters to Greatness Compilation/mary ltg.mp4
38613621	./OneDrive_1_9-6-2026/Letters to Greatness Compilation/roger class.mov
19459853	./VENUE SCREENS/FIGHTER NAME/ALAN CHAVES/FULLBARGE_ALAN CHAVES.mp4
19251593	./VENUE SCREENS/FIGHTER NAME/ALAN CHAVES/HUNG_ALAN CHAVES.mp4
180267928	./VENUE SCREENS/FIGHTER NAME/ALAN CHAVES/LOWER_LED_FASCIA_ALAN CHAVES.mov
179848808	./VENUE SCREENS/FIGHTER NAME/ALAN CHAVES/UPPER_LED_FASCIA_ALAN CHAVES.mov
19376255	./VENUE SCREENS/FIGHTER NAME/ANDY RUIZ/FULLBARGE_ANDY RUIZ.mp4
19013712	./VENUE SCREENS/FIGHTER NAME/ANDY RUIZ/HUNG_ANDY RUIZ.mp4
179119060	./VENUE SCREENS/FIGHTER NAME/ANDY RUIZ/LOWER_LED_FASCIA_ANDY RUIZ.mov
178683364	./VENUE SCREENS/FIGHTER NAME/ANDY RUIZ/UPPER_LED_FASCIA_ANDY_RUIZ.mov
19552265	./VENUE SCREENS/FIGHTER NAME/ANGEL ANTONIO CONTRERAS/FULLBARGE_ANGEL ANTONIO CONTRERAS.mp4
18551449	./VENUE SCREENS/FIGHTER NAME/ANGEL ANTONIO CONTRERAS/HUNG_ANGEL ANTONIO CONTRERAS.mp4
181327624	./VENUE SCREENS/FIGHTER NAME/ANGEL ANTONIO CONTRERAS/LOWER_LED_FASCIA_ANGEL ANTONIO CONTRERAS.mov
180679032	./VENUE SCREENS/FIGHTER NAME/ANGEL ANTONIO CONTRERAS/UPPER_LED_FASCIA_ANGEL ANTONIO CONTRERAS.mov
19537319	./VENUE SCREENS/FIGHTER NAME/AUSTIN WILLIAMS/FULLBARGE_AUSTIN WILLIAMS.mp4
18759016	./VENUE SCREENS/FIGHTER NAME/AUSTIN WILLIAMS/HUNG_AUSTIN WILLIAMS.mp4
180545400	./VENUE SCREENS/FIGHTER NAME/AUSTIN WILLIAMS/LOWER_LED_FASCIA_AUSTIN WILLIAMS.mov
179634632	./VENUE SCREENS/FIGHTER NAME/AUSTIN WILLIAMS/UPPER_LED_FASCIA_AUSTIN WILLIAMS.mov
19463874	./VENUE SCREENS/FIGHTER NAME/DAMIAN KNYBA/FULLBARGE_DAMIAN KNYBA.mp4
18253022	./VENUE SCREENS/FIGHTER NAME/DAMIAN KNYBA/HUNG_DAMIAN KNYBA.mp4
179440312	./VENUE SCREENS/FIGHTER NAME/DAMIAN KNYBA/LOWER_LED_FASCIA_DAMIAN KNYBA.mov
178739016	./VENUE SCREENS/FIGHTER NAME/DAMIAN KNYBA/UPPER_LED_FASCIA_DAMIAN KNYBA.mov
19358233	./VENUE SCREENS/FIGHTER NAME/ERIDSON GARCIA/FULLBARGE_ERIDSON GARCIA.mp4
19126299	./VENUE SCREENS/FIGHTER NAME/ERIDSON GARCIA/HUNG_ERIDSON GARCIA.mp4
181125720	./VENUE SCREENS/FIGHTER NAME/ERIDSON GARCIA/LOWER_LED_FASCIA_ERIDSON GARCIA.mov
180269048	./VENUE SCREENS/FIGHTER NAME/ERIDSON GARCIA/UPPER_LED_FASCIA_ERIDSON GARCIA.mov
19504697	./VENUE SCREENS/FIGHTER NAME/VITO MIELNICKI JR/FULLBARGE_VITO MIELNICKI JR-.mp4
18869792	./VENUE SCREENS/FIGHTER NAME/VITO MIELNICKI JR/HUNG_VITO MIELNICKI JR-.mp4
179884936	./VENUE SCREENS/FIGHTER NAME/VITO MIELNICKI JR/LOWER_LED_FASCIA_VITO MIELNICKI JR-.mov
179006424	./VENUE SCREENS/FIGHTER NAME/VITO MIELNICKI JR/UPPER_LED_FASCIA_VITO MIELNICKI JR-.mov
19425936	./VENUE SCREENS/FIGHTER NAME/ZAQUIN_MOSES/FULLBARGE_ZAQUIN MOSES.mp4
19261001	./VENUE SCREENS/FIGHTER NAME/ZAQUIN_MOSES/HUNG_ZAQUIN MOSES.mp4
180329064	./VENUE SCREENS/FIGHTER NAME/ZAQUIN_MOSES/LOWER_LED_FASCIA_ZAQUIN MOSES.mov
179552056	./VENUE SCREENS/FIGHTER NAME/ZAQUIN_MOSES/UPPER_LED_FASCIA_ZAQUIN MOSES.mov
19508730	./VENUE SCREENS/FIGHTER v FIGHTER/CHAVES MIELNIKI/FULLBARGE_CHAVES VS GARCIA.mp4
19236584	./VENUE SCREENS/FIGHTER v FIGHTER/CHAVES MIELNIKI/HUNG_CHAVES VS GARCIA.mp4
182496920	./VENUE SCREENS/FIGHTER v FIGHTER/CHAVES MIELNIKI/LOWER_LED_FASCIA_CHAVES VS GARCIA.mov
181646680	./VENUE SCREENS/FIGHTER v FIGHTER/CHAVES MIELNIKI/UPPER_LED_FASCIA_CHAVES VS GARCIA.mov
19385876	./VENUE SCREENS/FIGHTER v FIGHTER/MIELNICKI_WILLIAMS/FULLBARGE_MIELNICKI JR- VS WILLIAMS.mp4
19309719	./VENUE SCREENS/FIGHTER v FIGHTER/MIELNICKI_WILLIAMS/HUNG_MIELNICKI JR- VS WILLIAMS.mp4
182834536	./VENUE SCREENS/FIGHTER v FIGHTER/MIELNICKI_WILLIAMS/LOWER_LED_FASCIA_MIELNICKI JR- VS WILLIAMS.mov
182161256	./VENUE SCREENS/FIGHTER v FIGHTER/MIELNICKI_WILLIAMS/UPPER_LED_FASCIA_MIELNICKI JR- VS WILLIAMS.mov
19627310	./VENUE SCREENS/FIGHTER v FIGHTER/MOSES CONTRERAS/FULLBARGE_MOSES VS CONTRERAS.mp4
19116334	./VENUE SCREENS/FIGHTER v FIGHTER/MOSES CONTRERAS/HUNG_MOSES VS CONTRERAS.mp4
183675208	./VENUE SCREENS/FIGHTER v FIGHTER/MOSES CONTRERAS/LOWER_LED_FASCIA_MOSES VS CONTRERAS.mov
182889176	./VENUE SCREENS/FIGHTER v FIGHTER/MOSES CONTRERAS/UPPER_LED_FASCIA_MOSES VS CONTRERAS.mov
19440696	./VENUE SCREENS/FIGHTER v FIGHTER/RUIZ VS KNYBA/FULLBARGE_RUIZ VS KNYBA.mp4
19270966	./VENUE SCREENS/FIGHTER v FIGHTER/RUIZ VS KNYBA/HUNG_RUIZ VS KNYBA.mp4
180851672	./VENUE SCREENS/FIGHTER v FIGHTER/RUIZ VS KNYBA/LOWER_LED_FASCIA_RUIZ VS KNYBA.mov
180101976	./VENUE SCREENS/FIGHTER v FIGHTER/RUIZ VS KNYBA/UPPER_LED_FASCIA_RUIZ VS KNYBA.mov
6719060	./VENUE SCREENS/HOLDING/CORNER_BOARD_HOLDING.mp4
24792371	./VENUE SCREENS/HOLDING/FULLBARGE_HOLDING.mp4
20789684	./VENUE SCREENS/HOLDING/HUNG_HOLDING.mp4
185004544	./VENUE SCREENS/HOLDING/LOWER_LED_FASCIA_HOLDING.mov
184319182	./VENUE SCREENS/HOLDING/UPPER_LED_FASCIA_HOLDING.mov
14360513	./VENUE SCREENS/HOLDING/WEDGE_SIGNAGE_FULL_HOLDING.mp4
6699559	./VENUE SCREENS/ROUNDS/CORNER_BOARD_ROUND 1.mp4
6578706	./VENUE SCREENS/ROUNDS/CORNER_BOARD_ROUND 10.mp4
6608243	./VENUE SCREENS/ROUNDS/CORNER_BOARD_ROUND 11.mp4
6608672	./VENUE SCREENS/ROUNDS/CORNER_BOARD_ROUND 12.mp4
6682215	./VENUE SCREENS/ROUNDS/CORNER_BOARD_ROUND 2.mp4
6680910	./VENUE SCREENS/ROUNDS/CORNER_BOARD_ROUND 3.mp4
6660440	./VENUE SCREENS/ROUNDS/CORNER_BOARD_ROUND 4.mp4
6662792	./VENUE SCREENS/ROUNDS/CORNER_BOARD_ROUND 5.mp4
6804164	./VENUE SCREENS/ROUNDS/CORNER_BOARD_ROUND 6.mp4
6706383	./VENUE SCREENS/ROUNDS/CORNER_BOARD_ROUND 7.mp4
6647964	./VENUE SCREENS/ROUNDS/CORNER_BOARD_ROUND 8.mp4
6648212	./VENUE SCREENS/ROUNDS/CORNER_BOARD_ROUND 9.mp4
25948458	./VENUE SCREENS/ROUNDS/FULLBARGE_ROUND 1.mp4
25678491	./VENUE SCREENS/ROUNDS/FULLBARGE_ROUND 10.mp4
26027018	./VENUE SCREENS/ROUNDS/FULLBARGE_ROUND 11.mp4
25769470	./VENUE SCREENS/ROUNDS/FULLBARGE_ROUND 12.mp4
25908165	./VENUE SCREENS/ROUNDS/FULLBARGE_ROUND 2.mp4
25780781	./VENUE SCREENS/ROUNDS/FULLBARGE_ROUND 3.mp4
25843087	./VENUE SCREENS/ROUNDS/FULLBARGE_ROUND 4.mp4
25729629	./VENUE SCREENS/ROUNDS/FULLBARGE_ROUND 5.mp4
25752711	./VENUE SCREENS/ROUNDS/FULLBARGE_ROUND 6.mp4
26522365	./VENUE SCREENS/ROUNDS/FULLBARGE_ROUND 7.mp4
25732162	./VENUE SCREENS/ROUNDS/FULLBARGE_ROUND 8.mp4
25772624	./VENUE SCREENS/ROUNDS/FULLBARGE_ROUND 9.mp4
22588242	./VENUE SCREENS/ROUNDS/HUNG_ROUND 1.mp4
20206318	./VENUE SCREENS/ROUNDS/HUNG_ROUND 10.mp4
21815757	./VENUE SCREENS/ROUNDS/HUNG_ROUND 11.mp4
22252362	./VENUE SCREENS/ROUNDS/HUNG_ROUND 12.mp4
22909611	./VENUE SCREENS/ROUNDS/HUNG_ROUND 2.mp4
22899602	./VENUE SCREENS/ROUNDS/HUNG_ROUND 3.mp4
21419798	./VENUE SCREENS/ROUNDS/HUNG_ROUND 4.mp4
21801973	./VENUE SCREENS/ROUNDS/HUNG_ROUND 5.mp4
21785157	./VENUE SCREENS/ROUNDS/HUNG_ROUND 6.mp4
22545219	./VENUE SCREENS/ROUNDS/HUNG_ROUND 7.mp4
21892998	./VENUE SCREENS/ROUNDS/HUNG_ROUND 8.mp4
22198382	./VENUE SCREENS/ROUNDS/HUNG_ROUND 9.mp4
182419852	./VENUE SCREENS/ROUNDS/LOWER_LED_FASCIA_ROUND 1.mov
182551043	./VENUE SCREENS/ROUNDS/LOWER_LED_FASCIA_ROUND 10.mov
182890239	./VENUE SCREENS/ROUNDS/LOWER_LED_FASCIA_ROUND 11.mov
183105612	./VENUE SCREENS/ROUNDS/LOWER_LED_FASCIA_ROUND 12.mov
183091394	./VENUE SCREENS/ROUNDS/LOWER_LED_FASCIA_ROUND 2.mov
183073222	./VENUE SCREENS/ROUNDS/LOWER_LED_FASCIA_ROUND 3.mov
182710804	./VENUE SCREENS/ROUNDS/LOWER_LED_FASCIA_ROUND 4.mov
183105351	./VENUE SCREENS/ROUNDS/LOWER_LED_FASCIA_ROUND 5.mov
183004581	./VENUE SCREENS/ROUNDS/LOWER_LED_FASCIA_ROUND 6.mov
182398682	./VENUE SCREENS/ROUNDS/LOWER_LED_FASCIA_ROUND 7.mov
183129682	./VENUE SCREENS/ROUNDS/LOWER_LED_FASCIA_ROUND 8.mov
182985613	./VENUE SCREENS/ROUNDS/LOWER_LED_FASCIA_ROUND 9.mov
181425397	./VENUE SCREENS/ROUNDS/UPPER_LED_FASCIA_ROUND 1.mov
181838540	./VENUE SCREENS/ROUNDS/UPPER_LED_FASCIA_ROUND 10.mov
182362261	./VENUE SCREENS/ROUNDS/UPPER_LED_FASCIA_ROUND 11.mov
182181409	./VENUE SCREENS/ROUNDS/UPPER_LED_FASCIA_ROUND 12.mov
182243113	./VENUE SCREENS/ROUNDS/UPPER_LED_FASCIA_ROUND 2.mov
182334345	./VENUE SCREENS/ROUNDS/UPPER_LED_FASCIA_ROUND 3.mov
182044633	./VENUE SCREENS/ROUNDS/UPPER_LED_FASCIA_ROUND 4.mov
182308115	./VENUE SCREENS/ROUNDS/UPPER_LED_FASCIA_ROUND 5.mov
182136951	./VENUE SCREENS/ROUNDS/UPPER_LED_FASCIA_ROUND 6.mov
181626471	./VENUE SCREENS/ROUNDS/UPPER_LED_FASCIA_ROUND 7.mov
182310994	./VENUE SCREENS/ROUNDS/UPPER_LED_FASCIA_ROUND 8.mov
182137712	./VENUE SCREENS/ROUNDS/UPPER_LED_FASCIA_ROUND 9.mov
28109926	./VENUE SCREENS/TRUSS FOR FLOW/FIGHTER NAMES/TRUSS_ALAN CHAVES.mp4
28116255	./VENUE SCREENS/TRUSS FOR FLOW/FIGHTER NAMES/TRUSS_ANDY RUIZ.mp4
28096248	./VENUE SCREENS/TRUSS FOR FLOW/FIGHTER NAMES/TRUSS_ANGEL ANTONIO CONTRERAS.mp4
28091748	./VENUE SCREENS/TRUSS FOR FLOW/FIGHTER NAMES/TRUSS_AUSTIN WILLIAMS.mp4
28065189	./VENUE SCREENS/TRUSS FOR FLOW/FIGHTER NAMES/TRUSS_BRIA MILLER.mp4
28007388	./VENUE SCREENS/TRUSS FOR FLOW/FIGHTER NAMES/TRUSS_BROOKE MULLEN.mp4
27998861	./VENUE SCREENS/TRUSS FOR FLOW/FIGHTER NAMES/TRUSS_DAMIAN KNYBA.mp4
28065566	./VENUE SCREENS/TRUSS FOR FLOW/FIGHTER NAMES/TRUSS_DENNIS THOMPSON.mp4
28023696	./VENUE SCREENS/TRUSS FOR FLOW/FIGHTER NAMES/TRUSS_ERIDSON GARCIA.mp4
28123054	./VENUE SCREENS/TRUSS FOR FLOW/FIGHTER NAMES/TRUSS_JEAN PIERRE VALENCIA.mp4
28059748	./VENUE SCREENS/TRUSS FOR FLOW/FIGHTER NAMES/TRUSS_JORDAN SIMPSON.mp4
28161661	./VENUE SCREENS/TRUSS FOR FLOW/FIGHTER NAMES/TRUSS_JOSE CASILLAS.mp4
27996823	./VENUE SCREENS/TRUSS FOR FLOW/FIGHTER NAMES/TRUSS_KAHSHAD ELLIOT.mp4
28047714	./VENUE SCREENS/TRUSS FOR FLOW/FIGHTER NAMES/TRUSS_MICHAEL MCDONALD.mp4
28074443	./VENUE SCREENS/TRUSS FOR FLOW/FIGHTER NAMES/TRUSS_VITO MIELNICKI JR.mp4
27996548	./VENUE SCREENS/TRUSS FOR FLOW/FIGHTER NAMES/TRUSS_ZAQUIN MOSES.mp4
27998233	./VENUE SCREENS/TRUSS FOR FLOW/FIGHTER v FIGHTER/TRUSS_CHAVES vs GARCIA.mp4
28068632	./VENUE SCREENS/TRUSS FOR FLOW/FIGHTER v FIGHTER/TRUSS_ELLIOT vs VALENCIA.mp4
28091831	./VENUE SCREENS/TRUSS FOR FLOW/FIGHTER v FIGHTER/TRUSS_MIELNICKI JR vs WILLIAMS.mp4
28185147	./VENUE SCREENS/TRUSS FOR FLOW/FIGHTER v FIGHTER/TRUSS_MOSES vs CONTRERAS.mp4
28144508	./VENUE SCREENS/TRUSS FOR FLOW/FIGHTER v FIGHTER/TRUSS_MULLEN vs MILLER.mp4
28124810	./VENUE SCREENS/TRUSS FOR FLOW/FIGHTER v FIGHTER/TRUSS_RUIZ vs KNYBA.mp4
28068597	./VENUE SCREENS/TRUSS FOR FLOW/FIGHTER v FIGHTER/TRUSS_SIMPSON vs MCDONALD.mp4
28048186	./VENUE SCREENS/TRUSS FOR FLOW/FIGHTER v FIGHTER/TRUSS_THOMPSON vs CASILLAS.mp4
28132605	./VENUE SCREENS/TRUSS FOR FLOW/HOLDING/TRUSS_HOLDING.mp4
28027454	./VENUE SCREENS/TRUSS FOR FLOW/ROUNDS/TRUSS_ROUND 1.mp4
28096718	./VENUE SCREENS/TRUSS FOR FLOW/ROUNDS/TRUSS_ROUND 10.mp4
28085138	./VENUE SCREENS/TRUSS FOR FLOW/ROUNDS/TRUSS_ROUND 11.mp4
28155908	./VENUE SCREENS/TRUSS FOR FLOW/ROUNDS/TRUSS_ROUND 12.mp4
28138663	./VENUE SCREENS/TRUSS FOR FLOW/ROUNDS/TRUSS_ROUND 2.mp4
28156148	./VENUE SCREENS/TRUSS FOR FLOW/ROUNDS/TRUSS_ROUND 3.mp4
28115019	./VENUE SCREENS/TRUSS FOR FLOW/ROUNDS/TRUSS_ROUND 4.mp4
28132011	./VENUE SCREENS/TRUSS FOR FLOW/ROUNDS/TRUSS_ROUND 5.mp4
28083315	./VENUE SCREENS/TRUSS FOR FLOW/ROUNDS/TRUSS_ROUND 6.mp4
28113244	./VENUE SCREENS/TRUSS FOR FLOW/ROUNDS/TRUSS_ROUND 7.mp4
28128189	./VENUE SCREENS/TRUSS FOR FLOW/ROUNDS/TRUSS_ROUND 8.mp4
28099382	./VENUE SCREENS/TRUSS FOR FLOW/ROUNDS/TRUSS_ROUND 9.mp4
28016447	./VENUE SCREENS/TRUSS FOR FLOW/WINNERS/TRUSS_WINNER CASILLAS.mp4
27972454	./VENUE SCREENS/TRUSS FOR FLOW/WINNERS/TRUSS_WINNER CHAVES.mp4
28162955	./VENUE SCREENS/TRUSS FOR FLOW/WINNERS/TRUSS_WINNER CONTRERAS.mp4
28190681	./VENUE SCREENS/TRUSS FOR FLOW/WINNERS/TRUSS_WINNER ELLIOT.mp4
28002303	./VENUE SCREENS/TRUSS FOR FLOW/WINNERS/TRUSS_WINNER GARCIA.mp4
27992040	./VENUE SCREENS/TRUSS FOR FLOW/WINNERS/TRUSS_WINNER KNYBA.mp4
28045259	./VENUE SCREENS/TRUSS FOR FLOW/WINNERS/TRUSS_WINNER MCDONALD.mp4
28141883	./VENUE SCREENS/TRUSS FOR FLOW/WINNERS/TRUSS_WINNER MIELNICKI JR.mp4
28021309	./VENUE SCREENS/TRUSS FOR FLOW/WINNERS/TRUSS_WINNER MILLER.mp4
27999466	./VENUE SCREENS/TRUSS FOR FLOW/WINNERS/TRUSS_WINNER MOSES.mp4
28015996	./VENUE SCREENS/TRUSS FOR FLOW/WINNERS/TRUSS_WINNER MULLEN.mp4
28070905	./VENUE SCREENS/TRUSS FOR FLOW/WINNERS/TRUSS_WINNER RUIZ.mp4
28079789	./VENUE SCREENS/TRUSS FOR FLOW/WINNERS/TRUSS_WINNER SIMPSON.mp4
28086106	./VENUE SCREENS/TRUSS FOR FLOW/WINNERS/TRUSS_WINNER THOMPSON.mp4
28046445	./VENUE SCREENS/TRUSS FOR FLOW/WINNERS/TRUSS_WINNER VALENCIA.mp4
28073580	./VENUE SCREENS/TRUSS FOR FLOW/WINNERS/TRUSS_WINNER WILLIAMS.mp4
19386737	./VENUE SCREENS/WINNER/WINNER CHAVEZ/FULLBARGE_WINNER  CHAVES.mp4
18264613	./VENUE SCREENS/WINNER/WINNER CHAVEZ/HUNG_WINNER  CHAVES.mp4
181091608	./VENUE SCREENS/WINNER/WINNER CHAVEZ/LOWER_LED_FASCIA_WINNER  CHAVES.mov
180470984	./VENUE SCREENS/WINNER/WINNER CHAVEZ/UPPER_LED_FASCIA_WINNER  CHAVES.mov
19536750	./VENUE SCREENS/WINNER/WINNER CONTRERAS/FULLBARGE_WINNER  CONTRERAS.mp4
19057767	./VENUE SCREENS/WINNER/WINNER CONTRERAS/HUNG_WINNER  CONTRERAS.mp4
182182232	./VENUE SCREENS/WINNER/WINNER CONTRERAS/LOWER_LED_FASCIA_WINNER  CONTRERAS.mov
181299592	./VENUE SCREENS/WINNER/WINNER CONTRERAS/UPPER_LED_FASCIA_WINNER  CONTRERAS.mov
19339967	./VENUE SCREENS/WINNER/WINNER GARCIA/FULLBARGE_WINNER  GARCIA.mp4
18172483	./VENUE SCREENS/WINNER/WINNER GARCIA/HUNG_WINNER  GARCIA.mp4
181143480	./VENUE SCREENS/WINNER/WINNER GARCIA/LOWER_LED_FASCIA_WINNER  GARCIA.mov
180415256	./VENUE SCREENS/WINNER/WINNER GARCIA/UPPER_LED_FASCIA_WINNER  GARCIA.mov
19362876	./VENUE SCREENS/WINNER/WINNER KNYBA/FULLBARGE_WINNER KNYBA.mp4
19264751	./VENUE SCREENS/WINNER/WINNER KNYBA/HUNG_WINNER KNYBA.mp4
180080488	./VENUE SCREENS/WINNER/WINNER KNYBA/LOWER_LED_FASCIA_WINNER KNYBA.mov
179353112	./VENUE SCREENS/WINNER/WINNER KNYBA/UPPER_LED_FASCIA_WINNER KNYBA.mov
19667502	./VENUE SCREENS/WINNER/WINNER MIELNICKI/FULLBARGE_WINNER MIELNICKI JR-.mp4
19269209	./VENUE SCREENS/WINNER/WINNER MIELNICKI/HUNG_WINNER MIELNICKI JR-.mp4
182074600	./VENUE SCREENS/WINNER/WINNER MIELNICKI/LOWER_LED_FASCIA_WINNER MIELNICKI JR-.mov
181297928	./VENUE SCREENS/WINNER/WINNER MIELNICKI/UPPER_LED_FASCIA_WINNER MIELNICKI JR-.mov
19362535	./VENUE SCREENS/WINNER/WINNER MOSES/FULLBARGE_WINNER  MOSES.mp4
18051286	./VENUE SCREENS/WINNER/WINNER MOSES/HUNG_WINNER  MOSES.mp4
180966488	./VENUE SCREENS/WINNER/WINNER MOSES/LOWER_LED_FASCIA_WINNER  MOSES.mov
180263592	./VENUE SCREENS/WINNER/WINNER MOSES/UPPER_LED_FASCIA_WINNER  MOSES.mov
19402107	./VENUE SCREENS/WINNER/WINNER RUIZ/FULLBARGE_WINNER RUIZ.mp4
19283329	./VENUE SCREENS/WINNER/WINNER RUIZ/HUNG_WINNER RUIZ.mp4
179969160	./VENUE SCREENS/WINNER/WINNER RUIZ/LOWER_LED_FASCIA_WINNER RUIZ.mov
179276856	./VENUE SCREENS/WINNER/WINNER RUIZ/UPPER_LED_FASCIA_WINNER RUIZ.mov
19395290	./VENUE SCREENS/WINNER/WINNER WILLIAMS/FULLBARGE_WINNER WILLIAMS.mp4
